﻿<?xml version="1.0" encoding="utf-8"?>
<Elements xmlns="http://schemas.microsoft.com/sharepoint/">
  <Module Name="PageLayouts" List="116" Url="_catalogs/masterpage" RootWebOnly="TRUE">
    <File Path="PageLayouts\TSMFormLayout.aspx" Url="TSMFormLayout.aspx" Type="GhostableInLibrary" ReplaceContent="TRUE" Level="Published">
      <!-- Page Layout Options -->
      <Property Name="ContentTypeId" Value="0x010100C568DB52D9D0A14D9B2FDCC96666E9F2007948130EC3DB064584E219954237AF3900242457EFB8B24247815D688C526CD44D" />
      <Property Name="UIVersion" Value="15" />
      <Property Name="ContentType" Value="Page Layout" />
      <Property Name="_ModerationStatus" Value="0" />
      <Property Name="FSObjType" Value="0" />
      <Property Name="PublishingAssociatedContentType" Value=";#Article Page;#0x010100C568DB52D9D0A14D9B2FDCC96666E9F2007948130EC3DB064584E219954237AF3900242457EFB8B24247815D688C526CD44D;#" />
      <!-- Specific Options -->
      <Property Name="Title" Value="TSM Form Page Layout" />
      <Property Name="PageDescription" Value="TSM Custom Page Layout for Form" />
    </File>
    <File Path="PageLayouts\TSMHRHomeLayout.aspx" Url="TSMHRHomeLayout.aspx" Type="GhostableInLibrary" ReplaceContent="TRUE" Level="Published">
      <!-- Page Layout Options -->
      <Property Name="ContentTypeId" Value="0x010100C568DB52D9D0A14D9B2FDCC96666E9F2007948130EC3DB064584E219954237AF3900242457EFB8B24247815D688C526CD44D" />
      <Property Name="UIVersion" Value="15" />
      <Property Name="ContentType" Value="Page Layout" />
      <Property Name="_ModerationStatus" Value="0" />
      <Property Name="FSObjType" Value="0" />
      <Property Name="PublishingAssociatedContentType" Value=";#Article Page;#0x010100C568DB52D9D0A14D9B2FDCC96666E9F2007948130EC3DB064584E219954237AF3900242457EFB8B24247815D688C526CD44D;#" />
      <!-- Specific Options -->
      <Property Name="Title" Value="TSM HR Home Page Layout" />
      <Property Name="PageDescription" Value="TSM Custom Page Layout for HR Home Page" />
    </File>
    <File Path="PageLayouts\TSMDivisionHomeLayout.aspx" Url="TSMDivisionHomeLayout.aspx" Type="GhostableInLibrary" ReplaceContent="TRUE" Level="Published">
      <!-- Page Layout Options -->
      <Property Name="ContentTypeId" Value="0x010100C568DB52D9D0A14D9B2FDCC96666E9F2007948130EC3DB064584E219954237AF3900242457EFB8B24247815D688C526CD44D" />
      <Property Name="UIVersion" Value="15" />
      <Property Name="ContentType" Value="Page Layout" />
      <Property Name="_ModerationStatus" Value="0" />
      <Property Name="FSObjType" Value="0" />
      <Property Name="PublishingAssociatedContentType" Value=";#Article Page;#0x010100C568DB52D9D0A14D9B2FDCC96666E9F2007948130EC3DB064584E219954237AF3900242457EFB8B24247815D688C526CD44D;#" />
      <!-- Specific Options -->
      <Property Name="Title" Value="TSM Division Home Page Layout" />
      <Property Name="PageDescription" Value="TSM Custom Page Layout for Division Home Page" />
    </File>
  </Module>
</Elements>
