﻿<?xml version="1.0" encoding="utf-8"?>
<Elements xmlns="http://schemas.microsoft.com/sharepoint/">
  <Module Name="MasterPage" List="116" Url="_catalogs/masterpage">
    <File Path="MasterPage\tsm.master" Url="tsm.master" Type="GhostableInLibrary">
      <Property Name="Title" Value="TSM MasterPage" />
      <Property Name="UIVersion" Value="15" />
      <Property Name="MasterPageDescription" Value="" />
      <Property Name="IgnoreIfAlreadyExists" Value="FALSE" />
      <Property Name="ContentType" Value="$Resources:cmscore,contenttype_masterpage_name;" />
    </File>
  </Module>
</Elements>