﻿<?xml version="1.0" encoding="utf-8"?>
<Feature xmlns="http://schemas.microsoft.com/sharepoint/" Title="IMDA.SP2013.TSM" ActivateOnDefault="FALSE" AlwaysForceInstall="TRUE" Id="36660788-08bf-4518-90d7-0aa028b6d89c" ReceiverAssembly="IMDA.SP2013.TSM, Version=1.0.0.0, Culture=neutral, PublicKeyToken=254230baec09928f" ReceiverClass="IMDA.SP2013.TSM.Features.MainFeature.MainFeatureEventReceiver" Scope="Web">
  <ElementManifests>
    <ElementManifest Location="SiteAssets\Elements.xml" />
    <ElementFile Location="SiteAssets\TSM\lib\jquery-3.3.1.min.js" />
    <ElementFile Location="SiteAssets\TSM\css\tsm.css" />
    <ElementFile Location="SiteAssets\TSM\images\logo.png" />
    <ElementFile Location="SiteAssets\TSM\lib\main.js" />
    <ElementFile Location="SiteAssets\TSM\css\basic.css" />
    <ElementFile Location="SiteAssets\TSM\css\bootstrap-theme.css" />
    <ElementFile Location="SiteAssets\TSM\css\bootstrap-theme.css.map" />
    <ElementFile Location="SiteAssets\TSM\css\bootstrap-theme.min.css" />
    <ElementFile Location="SiteAssets\TSM\css\bootstrap-theme.min.css.map" />
    <ElementFile Location="SiteAssets\TSM\css\bootstrap.css" />
    <ElementFile Location="SiteAssets\TSM\css\bootstrap.css.map" />
    <ElementFile Location="SiteAssets\TSM\css\bootstrap.min.css" />
    <ElementFile Location="SiteAssets\TSM\css\bootstrap.min.css.map" />
    <ElementFile Location="SiteAssets\TSM\css\custom.css" />
    <ElementFile Location="SiteAssets\TSM\css\dropzone.css" />
    <ElementFile Location="SiteAssets\TSM\css\fonts.googleapis.css" />
    <ElementFile Location="SiteAssets\TSM\css\main.css" />
    <ElementFile Location="SiteAssets\TSM\css\react-bootstrap-table-all.min.css" />
    <ElementFile Location="SiteAssets\TSM\css\react-table.css" />
    <ElementFile Location="SiteAssets\TSM\css\sweetalert.css" />
    <ElementManifest Location="MasterPage\Elements.xml" />
    <ElementFile Location="MasterPage\tsm.master" />
  </ElementManifests>
</Feature>