﻿<?xml version="1.0" encoding="utf-8"?>
<Solution xmlns="http://schemas.microsoft.com/sharepoint/" SolutionId="ff73df88-0f35-4d84-ab3c-4e1b4e453be1" SharePointProductVersion="15.0">
  <Assemblies>
    <Assembly Location="IMDA.SP2013.TSM.dll" DeploymentTarget="GlobalAssemblyCache">
      <SafeControls>
        <SafeControl Assembly="IMDA.SP2013.TSM, Version=1.0.0.0, Culture=neutral, PublicKeyToken=254230baec09928f" Namespace="IMDA.SP2013.TSM.Webparts.TempStaff.TempStaffView" TypeName="*" />
        <SafeControl Assembly="IMDA.SP2013.TSM, Version=1.0.0.0, Culture=neutral, PublicKeyToken=254230baec09928f" Namespace="IMDA.SP2013.TSM.Webparts.TempStaff.TempStaffEntry" TypeName="*" />
      </SafeControls>
    </Assembly>
  </Assemblies>
  <TemplateFiles>
    <TemplateFile Location="CONTROLTEMPLATES\IMDA.SP2013.TSM.Webparts.TempStaff\TempStaffView\TempStaffViewUserControl.ascx" />
    <TemplateFile Location="CONTROLTEMPLATES\IMDA.SP2013.TSM.Webparts.TempStaff\TempStaffEntry\TempStaffEntryUserControl.ascx" />
    <TemplateFile Location="Layouts\IMDA.SP2013.TSM\ListTemplates\TSM_Keywords_Template.stp" />
    <TemplateFile Location="Layouts\IMDA.SP2013.TSM\ListTemplates\TSM_TempStaffs_Template.stp" />
    <TemplateFile Location="Layouts\IMDA.SP2013.TSM\Metadata\Navigation.xml" />
    <TemplateFile Location="Layouts\IMDA.SP2013.TSM\Metadata\TimerJob.xml" />
    <TemplateFile Location="Layouts\IMDA.SP2013.TSM\Metadata\EventReceiver.xml" />
    <TemplateFile Location="Layouts\IMDA.SP2013.TSM\Metadata\ListTemplate.xml" />
    <TemplateFile Location="Layouts\IMDA.SP2013.TSM\Metadata\Permission.xml" />
  </TemplateFiles>
  <FeatureManifests>
    <FeatureManifest Location="IMDA.SP2013.TSM_MainFeature\Feature.xml" />
    <FeatureManifest Location="IMDA.SP2013.TSM_InfrastructureFeature\Feature.xml" />
    <FeatureManifest Location="IMDA.SP2013.TSM_TimerJobFeature\Feature.xml" />
  </FeatureManifests>
</Solution>