﻿<?xml version="1.0" encoding="utf-8"?>
<Elements xmlns="http://schemas.microsoft.com/sharepoint/">
  <Module Name="SiteAssets" Url="SiteAssets">
    <File Path="SiteAssets\TSM\lib\jquery-3.3.1.min.js" Url="TSM/lib/jquery-3.3.1.min.js" Type="GhostableInLibrary" ReplaceContent="TRUE"/>
    <File Path="SiteAssets\TSM\css\tsm.css" Url="TSM/css/tsm.css" Type="GhostableInLibrary" ReplaceContent="TRUE"/>
    <File Path="SiteAssets\TSM\images\logo.png" Url="TSM/images/logo.png" Type="GhostableInLibrary" ReplaceContent="TRUE"/>
    <File Path="SiteAssets\TSM\lib\main.js" Url="TSM/lib/main.js" Type="GhostableInLibrary" ReplaceContent="TRUE"/>
    <File Path="SiteAssets\TSM\css\basic.css" Url="TSM/css/basic.css" Type="GhostableInLibrary" ReplaceContent="TRUE"/>
    <File Path="SiteAssets\TSM\css\bootstrap.css" Url="TSM/css/bootstrap.css" Type="GhostableInLibrary" ReplaceContent="TRUE"/>
    <File Path="SiteAssets\TSM\css\bootstrap.css.map" Url="TSM/css/bootstrap.css.map" Type="GhostableInLibrary" ReplaceContent="TRUE"/>
    <File Path="SiteAssets\TSM\css\bootstrap.min.css" Url="TSM/css/bootstrap.min.css" Type="GhostableInLibrary" ReplaceContent="TRUE"/>
    <File Path="SiteAssets\TSM\css\bootstrap.min.css.map" Url="TSM/css/bootstrap.min.css.map" Type="GhostableInLibrary" ReplaceContent="TRUE"/>
    <File Path="SiteAssets\TSM\css\bootstrap-theme.css" Url="TSM/css/bootstrap-theme.css" Type="GhostableInLibrary" ReplaceContent="TRUE"/>
    <File Path="SiteAssets\TSM\css\bootstrap-theme.css.map" Url="TSM/css/bootstrap-theme.css.map" Type="GhostableInLibrary" ReplaceContent="TRUE"/>
    <File Path="SiteAssets\TSM\css\bootstrap-theme.min.css" Url="TSM/css/bootstrap-theme.min.css" Type="GhostableInLibrary" ReplaceContent="TRUE"/>
    <File Path="SiteAssets\TSM\css\bootstrap-theme.min.css.map" Url="TSM/css/bootstrap-theme.min.css.map" Type="GhostableInLibrary" ReplaceContent="TRUE"/>
    <File Path="SiteAssets\TSM\css\custom.css" Url="TSM/css/custom.css" Type="GhostableInLibrary" ReplaceContent="TRUE"/>
    <File Path="SiteAssets\TSM\css\dropzone.css" Url="TSM/css/dropzone.css" Type="GhostableInLibrary" ReplaceContent="TRUE"/>
    <File Path="SiteAssets\TSM\css\fonts.googleapis.css" Url="TSM/css/fonts.googleapis.css" Type="GhostableInLibrary" ReplaceContent="TRUE"/>
    <File Path="SiteAssets\TSM\css\main.css" Url="TSM/css/main.css" Type="GhostableInLibrary" ReplaceContent="TRUE"/>
    <File Path="SiteAssets\TSM\css\react-bootstrap-table-all.min.css" Url="TSM/css/react-bootstrap-table-all.min.css" Type="GhostableInLibrary" ReplaceContent="TRUE"/>
    <File Path="SiteAssets\TSM\css\react-table.css" Url="TSM/css/react-table.css" Type="GhostableInLibrary" ReplaceContent="TRUE"/>
    <File Path="SiteAssets\TSM\css\sweetalert.css" Url="TSM/css/sweetalert.css" Type="GhostableInLibrary" ReplaceContent="TRUE"/>
  </Module>
</Elements>